,Movie Title,Review,Number of RT Reviews,Year
0,Chicken Run,97%,171,2000
1,The Taste of Others (Le goût des autres),100%,58,2000
2,The Life and Times of Hank Greenberg,97%,65,2000
3,Yi Yi,96%,83,2000
4,You Can Count On Me,95%,103,2000
5,Memento,92%,172,2000
6,Best in Show,94%,112,2000
7,Traffic,92%,158,2000
8,Croupier,96%,57,2000
9,High Fidelity,91%,165,2000
10,Dark Days,94%,68,2000
11,Not One Less,95%,44,2000
12,The Filth and the Fury,95%,40,2000
13,Almost Famous,89%,166,2000
14,Cast Away,88%,155,2000
15,Panic,91%,56,2000
16,The Widow of Saint-Pierre (The Widow of St. Pierre) (La veuve de Saint-Pierre),89%,76,2000
17,Aimée & Jaguar,90%,48,2000
18,Sexy Beast,86%,130,2000
19,Exorcist: The Version You've Never Seen,88%,82,2000
20,Girlfight,87%,95,2000
21,State and Main,86%,116,2000
22,The Emperor's New Groove,85%,128,2000
23,Meet the Parents,84%,146,2000
24,Erin Brockovich,84%,145,2000
25,Billy Elliot,85%,117,2000
26,The Original Kings of Comedy,86%,87,2000
27,Nico and Dani (Krámpack),87%,53,2000
28,Battle Royale,87%,45,2000
29,Nurse Betty,83%,131,2000
30,X-Men,81%,171,2000
31,Thirteen Days,83%,120,2000
32,Chunhyangdyun,86%,42,2000
33,Shadow of the Vampire,82%,136,2000
34,Chuck & Buck,84%,87,2000
35,Wonder Boys,82%,125,2000
36,George Washington,84%,61,2000
37,Merci pour le chocolat,84%,51,2000
38,Ghost Dog - The Way of the Samurai,82%,95,2000
39,Love and Basketball,82%,91,2000
40,Pollock,81%,108,2000
41,Fantasia 2000,82%,82,2000
42,The House of Mirth,81%,97,2000
43,Lakeboat,83%,42,2000
44,Requiem for a Dream,79%,136,2000
45,Shanghai Noon,79%,134,2000
46,The Vertical Ray of the Sun (Mua he chieu thang dung),82%,55,2000
47,Gladiator,76%,194,2000
48,"O Brother, Where Art Thou?",77%,149,2000
49,Space Cowboys,78%,119,2000
50,The Tao of Steve,80%,49,2000
51,The Contender,76%,130,2000
52,Quills,75%,126,2000
53,Keep the River on Your Right,78%,50,2000
54,The Virgin Suicides,76%,96,2000
55,Finding Forrester,74%,127,2000
56,Rugrats in Paris - The Movie,76%,74,2000
57,Remember the Titans,73%,132,2000
58,Tigerland,76%,46,2000
59,Sunshine,74%,65,2000
60,My Dog Skip,73%,82,2000
61,The Big Kahuna,73%,78,2000
62,Code Unknown (Code inconnu: Récit incomplet de divers voyages),74%,50,2000
63,Unbreakable,69%,167,2000
64,Frequency,70%,124,2000
65,American Psycho,68%,144,2000
66,Charlie's Angels,68%,142,2000
67,Keeping the Faith,69%,115,2000
68,Gangster No. 1,71%,52,2000
69,Shadow Magic,71%,49,2000
70,Dancer in the Dark,68%,117,2000
71,U-571,68%,115,2000
72,Shaft,67%,115,2000
73,Grateful Dawg,70%,43,2000
74,Timecode,68%,81,2000
75,About Adam,68%,57,2000
76,Boiler Room,66%,101,2000
77,Small Time Crooks,66%,100,2000
78,Dinosaur,65%,122,2000
79,The Yards,64%,96,2000
80,Bring It On,63%,117,2000
81,Anywhere but Here,64%,89,2000
82,Chocolat,62%,117,2000
83,Saving Grace,63%,89,2000
84,The Patriot,61%,134,2000
85,Der Krieger und die Kaiserin (The Princess and the Warrior),63%,83,2000
86,Return to Me,62%,99,2000
87,Wonderland,63%,70,2000
88,The Claim,62%,85,2000
89,The Tigger Movie,62%,74,2000
90,Pitch Black,59%,109,2000
91,Mission: Impossible 2,57%,148,2000
92,Alice et Martin,61%,44,2000
93,Kikujiro,60%,50,2000
94,The Gift,57%,119,2000
95,Road Trip,57%,91,2000
96,Hamlet,57%,89,2000
97,Dr. T and the Women,56%,108,2000
98,Godzilla 2000,57%,69,2000
99,Groove,57%,51,2000
100,"Monsters, Inc.",96%,193,2001
101,"Crouching Tiger, Hidden Dragon",97%,153,2001
102,The Dish,96%,98,2001
103,The Lord of the Rings: The Fellowship of the Ring,91%,228,2001
104,Werckmeister Harmonies,98%,40,2001
105,With a Friend like Harry...,96%,92,2001
106,Time Out (L' Emploi du temps),96%,84,2001
107,In the Bedroom,93%,138,2001
108,I'm Going Home,96%,54,2001
109,Ghost World,92%,157,2001
110,Spy Kids,93%,127,2001
111,The Endurance,95%,65,2001
112,Lagaan: Once Upon a Time in India,95%,59,2001
113,Y Tu Mama Tambien,92%,137,2001
114,Hedwig and the Angry Inch,93%,108,2001
115,No Man's Land,93%,98,2001
116,Sous le sable (Under the Sand),94%,71,2001
117,Last Resort,94%,70,2001
118,The Devil's Backbone (El Espinazo del diablo),92%,119,2001
119,Amores Perros,92%,116,2001
120,Apocalypse Now Redux,93%,82,2001
121,Amélie,89%,178,2001
122,Shrek,88%,204,2001
123,Dogtown and Z-Boys,92%,96,2001
124,Startup.com,92%,93,2001
125,The Circle (Dayereh),93%,60,2001
126,Mostly Martha (Bella Martha),92%,85,2001
127,In the Mood for Love,90%,125,2001
128,The Gleaners and I,93%,40,2001
129,Millennium Actress (Sennen joyû),92%,52,2001
130,Iron Monkey,90%,93,2001
131,Our Song,91%,54,2001
132,Together,90%,80,2001
133,Kandahar: Le soleil derrière la lune,89%,98,2001
134,Dinner Rush,91%,45,2001
135,Eureka,91%,43,2001
136,Divided We Fall,90%,61,2001
137,The Road Home (Wo de fu qin mu qin),89%,80,2001
138,Gosford Park,86%,158,2001
139,Life And Debt,90%,42,2001
140,Donnie Darko,87%,115,2001
141,Trembling Before G-d,89%,61,2001
142,Italian for Beginners,88%,85,2001
143,Ginger Snaps,89%,57,2001
144,101 Reykjavik,89%,46,2001
145,Comment j'ai tué mon père (My Father and I),89%,44,2001
146,Roozi ke zan shodam (The Day I Became a Woman),88%,57,2001
147,Mulholland Drive,83%,173,2001
148,La Cienaga,88%,40,2001
149,The Others,83%,161,2001
150,Va Savoir,86%,77,2001
151,Calle 54,87%,47,2001
152,Nowhere in Africa (Nirgendwo in Afrika),85%,99,2001
153,Faithless,86%,70,2001
154,Ocean's Eleven,82%,172,2001
155,Harry Potter and the Sorcerer's Stone,81%,195,2001
156,The Closet (Le Placard),85%,80,2001
157,Thirteen Conversations About One Thing,83%,114,2001
158,Rain,85%,59,2001
159,Bridget Jones's Diary,81%,159,2001
160,The Man Who Wasn't There,81%,157,2001
161,The Deep End,82%,117,2001
162,L.I.E.,83%,84,2001
163,Ni na bian ji dian (What Time Is It Over There?),84%,51,2001
164,Little Otik,84%,43,2001
165,Waking Life,80%,142,2001
166,Innocence,81%,75,2001
167,Moulin Rouge!,76%,198,2001
168,The Business of Strangers,80%,92,2001
169,Diamond Men,81%,63,2001
170,Iris,79%,110,2001
171,Lumumba,81%,57,2001
172,Jump Tomorrow,81%,54,2001
173,The Pledge,78%,124,2001
174,Black Hawk Down,76%,171,2001
175,A Beautiful Mind,74%,211,2001
176,Tape,78%,98,2001
177,The Tailor of Panama,77%,116,2001
178,A.I. Artificial Intelligence,73%,192,2001
179,Our Lady of the Assassins,77%,61,2001
180,The Cat's Meow,74%,125,2001
181,Snatch,73%,141,2001
182,Joy Ride,74%,114,2001
183,Training Day,72%,158,2001
184,The Score,73%,128,2001
185,Jimmy Neutron - Boy Genius,75%,75,2001
186,Brotherhood of the Wolf,73%,120,2001
187,Buffalo Soldiers,73%,115,2001
188,Songcatcher,74%,88,2001
189,Me You Them,75%,55,2001
190,Tortilla Soup,74%,72,2001
191,Before Night Falls,73%,98,2001
192,The Piano Teacher (La Pianiste),73%,86,2001
193,Fat Girl,73%,86,2001
194,Behind the Sun,74%,46,2001
195,Made,71%,107,2001
196,Chopper,72%,67,2001
197,Baby Boy,71%,92,2001
198,Das Experiment (The Experiment),72%,65,2001
199,Legally Blonde,69%,142,2001
200,The Lord of the Rings: The Two Towers,95%,250,2002
201,Spirited Away,97%,183,2002
202,Spellbound,97%,139,2002
203,Catch Me If You Can,95%,198,2002
204,Rivers and Tides: Andy Goldsworthy Working With Time,99%,71,2002
205,The Man Without a Past,98%,98,2002
206,The Pianist,95%,181,2002
207,Bowling for Columbine,95%,169,2002
208,Read My Lips,97%,96,2002
209,Minority Report,91%,249,2002
210,About a Boy,93%,186,2002
211,Monsoon Wedding,95%,120,2002
212,Insomnia,92%,201,2002
213,Spider-Man,90%,241,2002
214,Adaptation,91%,207,2002
215,Promises,96%,47,2002
216,The Trials of Henry Kissinger,95%,58,2002
217,Open Hearts (Elsker Dig For Evigt),95%,57,2002
218,Talk to Her,92%,130,2002
219,Infernal Affairs (Mou gaan dou),94%,62,2002
220,Bloody Sunday,92%,104,2002
221,Broken Wings (Knafayim Shvurot),93%,68,2002
222,Nine Queens (Nueve reinas),92%,95,2002
223,The Kid Stays in the Picture,91%,112,2002
224,Scratch,93%,46,2002
225,Atanarjuat: The Fast Runner (Atanarjuat),91%,97,2002
226,Standing in the Shadows of Motown,91%,92,2002
227,Alias Betty (Betty Fisher and Other Stories)(Betty Fisher et autres histoires),92%,51,2002
228,Lantana,90%,105,2002
229,Chicago,85%,255,2002
230,The Weather Underground,91%,58,2002
231,Murderous Maids,91%,53,2002
232,Russian Ark,89%,104,2002
233,The Girl From Paris,91%,43,2002
234,Roger Dodger,88%,123,2002
235,About Schmidt,85%,203,2002
236,Rabbit-Proof Fence,87%,142,2002
237,Baran,89%,62,2002
238,Lilo & Stitch,86%,146,2002
239,Late Marriage,88%,64,2002
240,Lovely & Amazing,86%,123,2002
241,I Am Trying to Break Your Heart,88%,60,2002
242,Harry Potter and the Chamber of Secrets,82%,234,2002
243,Monster's Ball,85%,143,2002
244,Springtime in a Small Town (Xiao cheng zhi chun),88%,43,2002
245,24 Hour Party People,86%,99,2002
246,The Bourne Identity,83%,189,2002
247,Narc,84%,158,2002
248,The Rookie,84%,153,2002
249,Blind Spot: Hitler's Secretary,86%,85,2002
250,Lawless Heart,87%,53,2002
251,Spider,84%,135,2002
252,Metropolis,86%,63,2002
253,Son of the Bride,86%,57,2002
254,One Hour Photo,81%,196,2002
255,The Good Girl,82%,158,2002
256,Road to Perdition,80%,215,2002
257,Kissing Jessica Stein,83%,120,2002
258,Elling,85%,59,2002
259,The Royal Tenenbaums,80%,207,2002
260,Real Women Have Curves,84%,85,2002
261,La Stanza del Figlio (The Son's Room),84%,83,2002
262,Morvern Callar,84%,80,2002
263,Punch-Drunk Love,80%,192,2002
264,The Hours,80%,192,2002
265,Margaret Cho - Notorious C.H.O.,84%,68,2002
266,Barbershop,82%,124,2002
267,The Believer,83%,92,2002
268,Stuart Little 2,81%,123,2002
269,All or Nothing,82%,92,2002
270,Pauline & Paulette,83%,54,2002
271,Drumline,82%,84,2002
272,Satin Rouge,83%,47,2002
273,Better Luck Tomorrow,81%,106,2002
274,Antwone Fisher,79%,151,2002
275,Secret Ballot,82%,57,2002
276,Sunshine State,80%,109,2002
277,Gigantic,82%,45,2002
278,8 Women (8 Femmes),79%,125,2002
279,The Wild Thornberrys Movie,80%,89,2002
280,Tully,81%,53,2002
281,Biggie and Tupac,81%,47,2002
282,Ice Age,77%,166,2002
283,Nicholas Nickleby,78%,126,2002
284,8 Mile,75%,213,2002
285,Changing Lanes,77%,151,2002
286,Last Orders,79%,89,2002
287,Tadpole,78%,107,2002
288,Undercover Brother,77%,130,2002
289,Secretary,76%,155,2002
290,Panic Room,75%,185,2002
291,Gangs of New York,74%,209,2002
292,Signs,73%,233,2002
293,The Dangerous Lives of Altar Boys,77%,111,2002
294,Igby Goes Down,76%,135,2002
295,Warm Water Under a Red Bridge (Akai Hashi No Shita Noo Nurui Mizu),79%,43,2002
296,My Big Fat Greek Wedding,76%,129,2002
297,Frida,75%,153,2002
298,Comedian,77%,90,2002
299,11'09''01 - September 11,78%,58,2002
300,Finding Nemo,99%,262,2003
301,Lost In Translation,95%,228,2003
302,Capturing the Friedmans,97%,152,2003
303,The Lord of the Rings: The Return of the King,93%,272,2003
304,The Fog of War: Eleven Lessons from the Life of Robert S. McNamara,96%,140,2003
305,American Splendor,94%,186,2003
306,Sweet Sixteen,97%,88,2003
307,Raising Victor Vargas,96%,109,2003
308,Bus 174 (Ônibus 174),97%,78,2003
309,Chavez: Inside the Coup,98%,47,2003
310,Winged Migration,95%,133,2003
311,The Station Agent,94%,158,2003
312,To Be and to Have (Etre et Avoir),97%,59,2003
313,The Triplets of Belleville,94%,147,2003
314,Dirty Pretty Things,94%,142,2003
315,Festival Express,96%,80,2003
316,School of Rock,91%,196,2003
317,Los Angeles Plays Itself,96%,45,2003
318,Lost in La Mancha,94%,100,2003
319,"Spring, Summer, Fall, Winter...and Spring",94%,99,2003
320,Shattered Glass,91%,172,2003
321,Cidade de Deus (City of God),91%,159,2003
322,The Best of Youth (La meglio gioventù),94%,63,2003
323,Whale Rider,91%,151,2003
324,The Magdalene Sisters,91%,149,2003
325,The Man on the Train (L'homme du train),92%,114,2003
326,Alien: The Director's Cut,94%,49,2003
327,Far From Heaven,88%,218,2003
328,In America,89%,176,2003
329,Mystic River,88%,204,2003
330,Baadasssss!,91%,108,2003
331,Saraband,91%,85,2003
332,Stevie,91%,75,2003
333,28 Days Later,86%,225,2003
334,I'm Not Scared (Io non ho paura),90%,100,2003
335,X2: X-Men United,85%,243,2003
336,A Mighty Wind,87%,175,2003
337,Tokyo Godfathers,90%,67,2003
338,Master and Commander: The Far Side of the World,85%,213,2003
339,Freaky Friday,87%,151,2003
340,Kill Bill: Volume 1,84%,232,2003
341,Memories of Murder,90%,40,2003
342,Zatôichi (The Blind Swordsman: Zatoichi),87%,126,2003
343,The Quiet American,86%,154,2003
344,In This World,89%,63,2003
345,Bend It like Beckham,85%,152,2003
346,The Five Obstructions,88%,60,2003
347,The Son (Le Fils),88%,58,2003
348,Intimate Strangers,86%,104,2003
349,Elf,83%,192,2003
350,Funny Ha Ha,87%,39,2003
351,The Cuckoo,87%,63,2003
352,Dracula: Pages From a Virgin's Diary,87%,62,2003
353,Pieces of April,84%,150,2003
354,Noi the Albino (Nói albínói),87%,52,2003
355,Ten,87%,52,2003
356,Matchstick Men,82%,186,2003
357,The Secret Lives of Dentists,85%,95,2003
358,Swimming Pool,83%,153,2003
359,Monsieur Ibrahim et les fleurs du Coran (Monsieur Ibrahim),85%,81,2003
360,Tibet: Cry of the Snow Lion,86%,50,2003
361,Yossi & Jagger,86%,42,2003
362,A Tale of Two Sisters,85%,60,2003
363,The Barbarian Invasions (Les Invasions barbares),82%,133,2003
364,Lilja 4-ever,84%,69,2003
365,Pirates of the Caribbean: The Curse of the Black Pearl,79%,216,2003
366,Gloomy Sunday,84%,64,2003
367,21 Grams,80%,183,2003
368,Thirteen,81%,152,2003
369,Chaos,84%,51,2003
370,Bukowski: Born into This,84%,49,2003
371,Bad Santa,78%,217,2003
372,Stone Reader,83%,65,2003
373,Amandla! A Revolution in Four-Part Harmony,83%,63,2003
374,Open Range,79%,183,2003
375,Confessions of a Dangerous Mind,79%,164,2003
376,Chihwaseon,83%,41,2003
377,25th Hour,78%,174,2003
378,Seabiscuit,77%,202,2003
379,Step Into Liquid,81%,80,2003
380,Ghosts of the Abyss,80%,102,2003
381,Divine Intervention,81%,69,2003
382,Blue Car,80%,88,2003
383,The Cooler,77%,173,2003
384,Stoked: The Rise and Fall of Gator,81%,47,2003
385,Charlotte Sometimes,81%,43,2003
386,Mondays in the Sun (Los Lunes al sol),80%,69,2003
387,Big Fish,75%,217,2003
388,Owning Mahowny,79%,95,2003
389,The Good Thief,77%,146,2003
390,Friday Night,80%,54,2003
391,I Capture the Castle,79%,84,2003
392,Bubba Ho-Tep,78%,106,2003
393,Holes,77%,136,2003
394,The Matrix Reloaded,73%,245,2003
395,Intolerable Cruelty,75%,183,2003
396,Tupac: Resurrection,78%,89,2003
397,Peter Pan,76%,144,2003
398,House of Sand and Fog,74%,182,2003
399,Calendar Girls,75%,124,2003
400,The Incredibles,97%,240,2004
401,Sideways,96%,227,2004
402,Spider-Man 2,93%,270,2004
403,Maria Full of Grace,97%,144,2004
404,Hero,95%,205,2004
405,Moolaadé,99%,73,2004
406,The Twilight Samurai (Tasogare Seibei),99%,69,2004
407,Eternal Sunshine Of The Spotless Mind,93%,239,2004
408,Before Sunset,95%,173,2004
409,Million Dollar Baby,91%,267,2004
410,Control Room,96%,110,2004
411,Osama,96%,102,2004
412,Shaun of the Dead,92%,205,2004
413,Touching the Void,94%,140,2004
414,Born Into Brothels,95%,107,2004
415,Harry Potter and the Prisoner of Azkaban,90%,255,2004
416,Since Otar Left,96%,56,2004
417,The Return,95%,86,2004
418,Plagues & Pleasures on the Salton Sea,96%,49,2004
419,Super Size Me,92%,170,2004
420,The Story of the Weeping Camel,94%,102,2004
421,Hotel Rwanda,91%,193,2004
422,Vera Drake,92%,158,2004
423,End of the Century: The Story of the Ramones,95%,62,2004
424,Shrek 2,89%,236,2004
425,Lost Boys of Sudan,95%,44,2004
426,The Agronomist,94%,71,2004
427,Kinsey,90%,195,2004
428,Riding Giants,93%,95,2004
429,My Architect,93%,91,2004
430,Downfall (Der Untergang),91%,138,2004
431,Tarnation,92%,103,2004
432,Nobody Knows (Dare mo shiranai),92%,93,2004
433,La demoiselle d'honneur (The Bridesmaid),92%,52,2004
434,The Corporation,90%,110,2004
435,Collateral,86%,234,2004
436,House of Flying Daggers,88%,171,2004
437,"Good Bye, Lenin!",90%,108,2004
438,Kitchen Stories,91%,74,2004
439,The Aviator,86%,220,2004
440,Shaolin Soccer,90%,93,2004
441,Mean Creek,89%,124,2004
442,Metallica: Some Kind of Monster,89%,123,2004
443,My Summer of Love,90%,91,2004
444,The Woodsman,88%,130,2004
445,Garden State,86%,191,2004
446,Going Upriver: The Long War of John Kerry,89%,85,2004
447,Kill Bill: Volume 2,84%,238,2004
448,Bad Education,87%,143,2004
449,Brothers,89%,74,2004
450,Dig!,89%,74,2004
451,Donnie Darko: The Director's Cut,90%,42,2004
452,Last Life in the Universe,90%,41,2004
453,James' Journey to Jerusalem,90%,41,2004
454,Save the Green Planet,90%,40,2004
455,Guerrilla: The Taking of Patty Hearst,89%,46,2004
456,Uzak (Distant),89%,44,2004
457,3-Iron,87%,91,2004
458,Touch The Sound,88%,51,2004
459,Fahrenheit 9/11,82%,236,2004
460,Mayor of the Sunset Strip,87%,77,2004
461,Lightning in a Bottle,87%,62,2004
462,Mean Girls,83%,181,2004
463,Finding Neverland,82%,204,2004
464,In Good Company,83%,169,2004
465,Crimson Gold,86%,74,2004
466,The Sea Inside (Mar Adentro) (The Sea Within),84%,133,2004
467,The Motorcycle Diaries,83%,157,2004
468,Aileen: Life and Death of a Serial Killer,86%,59,2004
469,Bright Leaves,86%,56,2004
470,Wilbur Wants to Kill Himself,85%,79,2004
471,Hellboy,81%,200,2004
472,The Bourne Supremacy,81%,194,2004
473,Monster,81%,186,2004
474,Outfoxed: Rupert Murdoch's War on Journalism,85%,60,2004
475,The Manchurian Candidate,80%,207,2004
476,The Yes Men,84%,82,2004
477,Friday Night Lights,81%,171,2004
478,Ray,80%,201,2004
479,Red Lights,83%,87,2004
480,Miracle,80%,160,2004
481,Up and Down (Horem Pádem) (Loop the Loop),83%,66,2004
482,Somersault,83%,65,2004
483,Broadway: The Golden Age,83%,46,2004
484,Team America: World Police,77%,196,2004
485,A Very Long Engagement,78%,147,2004
486,The Saddest Music in the World,79%,102,2004
487,Two Brothers,78%,114,2004
488,Crash,74%,236,2004
489,The Machinist,77%,142,2004
490,American Experience,79%,76,2004
491,The Mother,78%,91,2004
492,Dawn of the Dead,75%,184,2004
493,Overnight,78%,77,2004
494,Tae Guk Gi: The Brotherhood of War,79%,43,2004
495,Being Julia,76%,123,2004
496,Bon Voyage,76%,97,2004
497,Harold & Kumar Go to White Castle,74%,147,2004
498,Uncovered: The War on Iraq,77%,48,2004
499,Brother to Brother,77%,43,2004
500,Murderball,98%,138,2005
501,Wallace & Gromit: The Curse of the Were-Rabbit,95%,182,2005
502,March of the Penguins,95%,182,2005
503,Enron: The Smartest Guys in the Room,97%,119,2005
504,"Good Night, And Good Luck",93%,221,2005
505,The Wild Parrots of Telegraph Hill,95%,100,2005
506,The Squid and the Whale,93%,149,2005
507,Harry Potter and the Goblet of Fire,88%,250,2005
508,Grizzly Man,92%,140,2005
509,Capote,90%,192,2005
510,Kung Fu Hustle,90%,186,2005
511,Ushpizin,94%,62,2005
512,Brokeback Mountain,87%,240,2005
513,Duma,93%,61,2005
514,Travelers and Magicians,93%,60,2005
515,A History of Violence,87%,211,2005
516,Batman Begins,84%,276,2005
517,Broken Flowers,87%,193,2005
518,Head-On,91%,86,2005
519,Ballets Russes,92%,59,2005
520,Millions,88%,161,2005
521,Caché,89%,133,2005
522,Tristram Shandy: A Cock & Bull Story,89%,129,2005
523,King Kong,84%,261,2005
524,Up for Grabs,92%,48,2005
525,Howl's Moving Castle,87%,179,2005
526,Water,90%,92,2005
527,Paradise Now,89%,101,2005
528,After Innocence,91%,47,2005
529,Pride and Prejudice,86%,173,2005
530,Junebug,87%,134,2005
531,Darwin's Nightmare,90%,52,2005
532,The 40 Year Old Virgin,85%,184,2005
533,New York Doll,90%,51,2005
534,The Cave of the Yellow Dog (Die Hohle des gelben Hundes),90%,50,2005
535,"Kiss Kiss, Bang Bang",85%,176,2005
536,Tim Burton's Corpse Bride,84%,188,2005
537,Tony Takitani,89%,53,2005
538,Walk the Line,83%,209,2005
539,Turtles Can Fly,88%,73,2005
540,The Heart of the Game,87%,99,2005
541,Look at Me,87%,99,2005
542,Charlie and the Chocolate Factory,82%,227,2005
543,Tell Them Who You Are,88%,65,2005
544,The Constant Gardener,83%,190,2005
545,Ong-Bak (Ong Bak: Muay Thai Warrior),86%,107,2005
546,Star Wars: Episode III - Revenge of the Sith,79%,292,2005
547,Serenity,83%,184,2005
548,Shake Hands with the Devil: The Journey of Romeo Dallaire,88%,49,2005
549,The Proposition,85%,124,2005
550,De Battre mon Coeur s'est Arrêté (The Beat That My Heart Skipped),86%,97,2005
551,The Syrian Bride,88%,41,2005
552,2046,85%,115,2005
553,Saving Face,86%,86,2005
554,Mysterious Skin,85%,107,2005
555,Gunner Palace,85%,105,2005
556,Mad Hot Ballroom,84%,120,2005
557,Rois et Reine (Kings and Queen),86%,57,2005
558,Cinderella Man,80%,211,2005
559,Three Times (Zui hao de shi guang),86%,51,2005
560,Hustle & Flow,82%,157,2005
561,La Moustache,86%,42,2005
562,Inside Deep Throat,83%,120,2005
563,Rize,84%,93,2005
564,The World's Fastest Indian,82%,141,2005
565,The Perfect Crime (El Crimen Perfecto)(Crimen ferpecto),85%,53,2005
566,13 Tzameti,84%,67,2005
567,De zaak Alzheimer (The Memory of a Killer),84%,67,2005
568,Sin City,77%,249,2005
569,Beyond the Gates,84%,63,2005
570,Me and You and Everyone We Know,82%,116,2005
571,Three...Extremes (Saam gaang yi),84%,61,2005
572,Aliens of the Deep,84%,61,2005
573,Red Eye,79%,191,2005
574,Munich,78%,206,2005
575,Layer Cake,80%,140,2005
576,Dear Frankie,81%,111,2005
577,Oldboy,80%,137,2005
578,Rock School,82%,77,2005
579,Lost Embrace,83%,48,2005
580,War of the Worlds,75%,257,2005
581,The Warrior,83%,42,2005
582,The Aristocrats,79%,148,2005
583,Control (Kontroll),82%,66,2005
584,Match Point,76%,215,2005
585,"The Chronicles of Narnia: The Lion, The Witch and The Wardrobe",76%,214,2005
586,Keane,81%,62,2005
587,Pooh's Heffalump Movie,80%,88,2005
588,Wedding Crashers,76%,186,2005
589,CSA: The Confederate States of America,80%,66,2005
590,The Sisterhood of the Traveling Pants,77%,131,2005
591,In Her Shoes,75%,163,2005
592,Zathura,75%,158,2005
593,The Upside of Anger,74%,183,2005
594,The Beautiful Country,78%,76,2005
595,Land of the Dead,74%,176,2005
596,Syriana,73%,197,2005
597,Balzac and the Little Chinese Seamstress,77%,62,2005
598,The Holy Girl,77%,61,2005
599,The Puffy Chair,77%,52,2005
600,The Queen,97%,195,2006
601,Pan's Labyrinth,95%,229,2006
602,Casino Royale,94%,254,2006
603,Deliver Us from Evil,100%,72,2006
604,The Departed,91%,276,2006
605,Children of Men,92%,244,2006
606,The War Tapes,98%,65,2006
607,Blindsight,98%,50,2006
608,Mountain Patrol (Kekexili),98%,49,2006
609,Wordplay,95%,120,2006
610,49 Up,97%,65,2006
611,Borat: Cultural Learnings of America for Make Benefit Glorious Nation of Kazakhstan,91%,218,2006
612,An Inconvenient Truth,93%,162,2006
613,Little Miss Sunshine,91%,212,2006
614,Letters from Iwo Jima,91%,200,2006
615,Ne le Dis à Personne (Tell No One),94%,114,2006
616,Deep Water,96%,55,2006
617,The Lives of Others,92%,158,2006
618,United 93,90%,209,2006
619,Volver,91%,168,2006
620,Offside,94%,83,2006
621,Dave Chappelle's Block Party,92%,125,2006
622,Fateless,94%,64,2006
623,Half Nelson,90%,157,2006
624,American Experience,94%,49,2006
625,The Death of Mr. Lazarescu,93%,75,2006
626,Lassie,93%,68,2006
627,Venus,89%,151,2006
628,Blame It on Fidel (La Faute a Fidel),93%,45,2006
629,The Last King of Scotland,87%,184,2006
630,Still Life (Sanxia Haoren),92%,51,2006
631,Neil Young: Heart of Gold,90%,98,2006
632,Dixie Chicks - Shut Up and Sing,89%,124,2006
633,Inside Man,86%,201,2006
634,Notes on a Scandal,87%,172,2006
635,Iraq in Fragments,91%,65,2006
636,The Devil and Daniel Johnston,89%,110,2006
637,Brand Upon the Brain!,91%,57,2006
638,Starter for 10,90%,79,2006
639,Who Killed the Electric Car?,89%,105,2006
640,Thank You for Smoking,86%,179,2006
641,Duck Season (Temporada de patos),90%,73,2006
642,Stephanie Daley,90%,50,2006
643,The Descent,85%,173,2006
644,Slither,86%,138,2006
645,Sir! No Sir!,89%,53,2006
646,The Namesake,86%,132,2006
647,Efter brylluppet (After the Wedding),87%,103,2006
648,Jesus Camp,87%,103,2006
649,Sophie Scholl: The Final Days,87%,94,2006
650,The Three Burials of Melquiades Estrada,85%,146,2006
651,Akeelah and the Bee,85%,140,2006
652,Reprise,87%,79,2006
653,Man Push Cart,88%,48,2006
654,Quinceañera,86%,95,2006
655,A Prairie Home Companion,82%,196,2006
656,L'Enfant,85%,110,2006
657,The Beauty Academy of Kabul,87%,54,2006
658,Maxed Out,87%,47,2006
659,El Aura (The Aura),87%,47,2006
660,The Ground Truth,87%,47,2006
661,The Road To Guantanamo,85%,96,2006
662,This Film Is Not Yet Rated,84%,116,2006
663,Sweet Land,85%,73,2006
664,Kráska v Nesnázích (Beauty in Trouble),86%,44,2006
665,Air Guitar Nation,85%,66,2006
666,Paprika,84%,88,2006
667,Old Joy,84%,88,2006
668,Mutual Appreciation,85%,55,2006
669,Tsotsi (Thug),82%,129,2006
670,Little Children,80%,161,2006
671,Bamako,84%,55,2006
672,Independent Lens,84%,50,2006
673,Dreamgirls,78%,206,2006
674,The Year My Parents Went on Vacation (O Ano em Que Meus Pais Saíram de Férias),83%,52,2006
675,Sketches of Frank Gehry,82%,78,2006
676,Superman Returns,75%,261,2006
677,Come Early Morning,83%,48,2006
678,Charlotte's Web,79%,146,2006
679,District B13 (Banlieue 13),80%,115,2006
680,Brick,79%,140,2006
681,Rocky Balboa,77%,180,2006
682,Priceless,81%,74,2006
683,The Prestige,76%,196,2006
684,Why We Fight,79%,112,2006
685,Once in a Lifetime: The Extraordinary Story of the New York Cosmos,81%,59,2006
686,Riding Alone for Thousands of Miles,80%,75,2006
687,Taxidermia,81%,47,2006
688,Fong juk (Exiled),80%,64,2006
689,The Devil Wears Prada,75%,193,2006
690,V for Vendetta,73%,245,2006
691,Happy Feet,76%,165,2006
692,Transamerica,77%,138,2006
693,House of Sand,79%,70,2006
694,Cars,74%,199,2006
695,Over the Hedge,75%,170,2006
696,The Matador,75%,153,2006
697,The U.S. vs. John Lennon,77%,96,2006
698,Catch a Fire,75%,146,2006
699,Factotum,76%,117,2006
700,Ratatouille,96%,246,2007
701,Taxi to the Dark Side,100%,92,2007
702,No Country for Old Men,93%,280,2007
703,Once,97%,156,2007
704,The Band's Visit,98%,116,2007
705,Persepolis,96%,159,2007
706,Juno,94%,210,2007
707,The Bourne Ultimatum,92%,263,2007
708,"4 Months, 3 Weeks and 2 Days",96%,139,2007
709,The King of Kong: A Fistful of Quarters,97%,100,2007
710,Gone Baby Gone,94%,176,2007
711,Ten Canoes,98%,65,2007
712,The Diving Bell and the Butterfly,94%,168,2007
713,Enchanted,93%,189,2007
714,Sicko,92%,216,2007
715,The Devil Came on Horseback,98%,51,2007
716,For the Bible Tells Me So,98%,49,2007
717,Killer of Sheep,97%,76,2007
718,Surfwise,98%,44,2007
719,Grbavica,98%,44,2007
720,The Life of Reilly,98%,42,2007
721,No End in Sight,96%,95,2007
722,There Will Be Blood,91%,226,2007
723,Away From Her,94%,143,2007
724,In the Shadow of the Moon,95%,113,2007
725,Knocked Up,90%,248,2007
726,Hairspray,91%,217,2007
727,Zodiac,90%,243,2007
728,The Counterfeiters,94%,125,2007
729,The Host,93%,151,2007
730,Hot Fuzz,91%,203,2007
731,Encounters at the End of the World,94%,110,2007
732,Up the Yangtze,96%,52,2007
733,Triad Election (Hak se wui yi wo wai kwai),96%,48,2007
734,12:08 East of Bucharest (A fost sau n-a fost?),96%,47,2007
735,Nanking,96%,46,2007
736,My Winnipeg,94%,90,2007
737,Michael Clayton,90%,198,2007
738,My Kid Could Paint That,94%,83,2007
739,3:10 to Yuma,89%,218,2007
740,Waitress,90%,172,2007
741,Eastern Promises,89%,199,2007
742,This Is England,93%,90,2007
743,The Simpsons Movie,88%,220,2007
744,Rescue Dawn,90%,163,2007
745,Lake of Fire,94%,54,2007
746,U2 3D,92%,88,2007
747,The Savages,89%,166,2007
748,Superbad,87%,206,2007
749,The Italian,91%,93,2007
750,Before the Devil Knows You're Dead,88%,172,2007
751,An Unreasonable Man,92%,60,2007
752,O' Horten,91%,86,2007
753,La Graine et le Mulet (The Secret of the Grain) (Couscous),92%,53,2007
754,God Grew Tired Of Us,91%,69,2007
755,The Orphanage,87%,177,2007
756,Sweeney Todd: The Demon Barber of Fleet Street,85%,225,2007
757,The Wind That Shakes the Barley,89%,113,2007
758,The Lookout,87%,167,2007
759,Auf der Anderen Seite (The Edge of Heaven) (On the Other Side),90%,77,2007
760,Control,88%,112,2007
761,Must Read After My Death,90%,49,2007
762,Young@Heart,88%,103,2007
763,Los Cronocrímenes (Timecrimes),89%,70,2007
764,Joe Strummer: The Future Is Unwritten,89%,64,2007
765,Grindhouse,84%,194,2007
766,ShowBusiness: The Road to Broadway,89%,54,2007
767,Atonement,83%,213,2007
768,Bridge to Terabithia,85%,157,2007
769,Shotgun Stories,89%,47,2007
770,Roman de gare,88%,73,2007
771,Starting Out in the Evening,87%,99,2007
772,The Hoax,85%,151,2007
773,Breach,84%,177,2007
774,Into Great Silence,88%,65,2007
775,2 Days in Paris,86%,118,2007
776,Red Road,87%,87,2007
777,Boy A,88%,59,2007
778,Alexandra,88%,58,2007
779,Paris Je T'aime,86%,111,2007
780,Live Free or Die Hard,82%,208,2007
781,Syndromes and a Century,88%,43,2007
782,The Real Dirt on Farmer John,88%,42,2007
783,Times and Winds (Bes vakit),88%,40,2007
784,Charlie Wilson's War,82%,198,2007
785,Into the Wild,82%,193,2007
786,The Witnesses,87%,47,2007
787,L' Avocat de la Terreur (Terror's Advocate),87%,46,2007
788,Rocket Science,84%,111,2007
789,When the Road Bends: Tales of a Gypsy Caravan,86%,50,2007
790,American Gangster,80%,211,2007
791,Talk to Me,82%,130,2007
792,War Dance,85%,47,2007
793,Mio Fratello è Figlio Unico (My Brother Is an Only Child),84%,63,2007
794,Manufactured Landscapes,84%,61,2007
795,A Mighty Heart,79%,195,2007
796,Harry Potter and the Order of the Phoenix,77%,247,2007
797,Lars and the Real Girl,81%,137,2007
798,XXY,84%,45,2007
799,1408,79%,172,2007
800,The Dark Knight,94%,331,2008
801,The Wrestler,98%,225,2008
802,Man on Wire,100%,157,2008
803,Let the Right One In,98%,183,2008
804,WALL-E,95%,253,2008
805,Iron Man,93%,274,2008
806,Frost/Nixon,93%,254,2008
807,Milk,93%,238,2008
808,Aruitemo Aruitemo (Still Walking),100%,63,2008
809,The Class,96%,157,2008
810,Slumdog Millionaire,91%,279,2008
811,Waltz with Bashir,96%,148,2008
812,35 Rhums (35 Shots of Rum),97%,63,2008
813,Burma VJ: Reporter i et Lukket Land (Burma VJ: Reporting from a Closed Country),97%,62,2008
814,"Bigger, Stronger, Faster*",96%,76,2008
815,Trouble the Water,96%,75,2008
816,Les Plages d'Agnès (The Beaches of Agnes),96%,71,2008
817,Happy-Go-Lucky,92%,158,2008
818,Gomorrah (Gomorra),92%,151,2008
819,Chop Shop,96%,53,2008
820,The Pool,96%,47,2008
821,"Not Quite Hollywood: The Wild, Untold Story of Ozploitation!",95%,63,2008
822,Sugar,92%,135,2008
823,Bolt,89%,182,2008
824,Transsiberian,93%,83,2008
825,Hellboy II: The Golden Army (Hellboy 2),86%,245,2008
826,Dear Zachary: A Letter to a Son About His Father,94%,49,2008
827,Ballast,92%,78,2008
828,Caramel,92%,77,2008
829,Hunger,90%,125,2008
830,Kung Fu Panda,87%,183,2008
831,The Visitor,89%,117,2008
832,Frozen River,88%,134,2008
833,I've Loved You So Long,88%,126,2008
834,Momma's Man,91%,46,2008
835,Ghost Town,85%,184,2008
836,Le fils de l'épicier (The Grocer's Son),90%,60,2008
837,Wendy and Lucy,85%,181,2008
838,Rachel Getting Married,84%,198,2008
839,24 City (Er shi si cheng ji),90%,42,2008
840,Un Conte de Noël (A Christmas Tale),86%,130,2008
841,Gonzo: The Life and Work of Hunter S. Thompson,87%,97,2008
842,Tropic Thunder,81%,242,2008
843,In Bruges,83%,193,2008
844,I.O.U.S.A.,88%,65,2008
845,Forgetting Sarah Marshall,83%,183,2008
846,Mongol,86%,100,2008
847,Shine a Light,85%,124,2008
848,The Black Balloon,88%,40,2008
849,Meduzot (Jellyfish),87%,62,2008
850,Vicky Cristina Barcelona,81%,207,2008
851,Der Baader Meinhof Komplex (The Baader Meinhof Complex),85%,98,2008
852,Indiana Jones and the Kingdom of the Crystal Skull,78%,269,2008
853,Lorna's Silence,85%,96,2008
854,Flammen & Citronen (Flame & Citron) (The Flame and the Lemon),86%,70,2008
855,Doubt,80%,212,2008
856,Two Lovers,82%,161,2008
857,JCVD (Van Dammage),84%,106,2008
858,Burn After Reading,78%,238,2008
859,Beaufort,85%,52,2008
860,Roman Polanski: Wanted and Desired,85%,48,2008
861,In Search of a Midnight Kiss,84%,64,2008
862,The Spiderwick Chronicles,80%,145,2008
863,Cloverfield,77%,206,2008
864,Disgrace,83%,59,2008
865,Fifty Dead Men Walking,83%,52,2008
866,The Bank Job,79%,144,2008
867,Dr. Seuss' Horton Hears a Who!,79%,132,2008
868,Kit Kittredge: An American Girl,80%,103,2008
869,Role Models,77%,161,2008
870,Standard Operating Procedure,79%,107,2008
871,Nothing But the Truth,81%,58,2008
872,Chicago 10,80%,82,2008
873,Yella,81%,53,2008
874,Miss Pettigrew Lives for a Day,77%,146,2008
875,Flow: For Love of Water,81%,48,2008
876,Baghead,79%,95,2008
877,Appaloosa,76%,161,2008
878,Ashes of Time Redux,79%,86,2008
879,I Served the King of England,79%,86,2008
880,Kirschblüten - Hanami (Cherry Blossoms),80%,56,2008
881,Un Secret (A Secret),80%,45,2008
882,Afterschool,80%,44,2008
883,Body of War,80%,41,2008
884,Nick and Norah's Infinite Playlist,74%,183,2008
885,Che: Part Two (Guerrilla),79%,52,2008
886,The Curious Case of Benjamin Button,71%,246,2008
887,Water Lilies,78%,45,2008
888,Üç Maymun (Three Monkeys),77%,61,2008
889,Wanted,71%,203,2008
890,Elegy,74%,120,2008
891,Tokyo!,76%,66,2008
892,"OSS 117: Le Caire Nid d'Espions (OSS 117: Cairo, Nest of Spies)",76%,58,2008
893,La Fille Coupée en Deux (The Girl Cut in Two) (A Girl Cut in Two),74%,87,2008
894,La Mujer sin Cabeza (The Headless Woman),75%,51,2008
895,"Definitely, Maybe",71%,146,2008
896,Under the Same Moon,73%,93,2008
897,Quantum of Solace,65%,287,2008
898,The Incredible Hulk,67%,227,2008
899,American Teen,70%,151,2008
900,Up,98%,290,2009
901,The Hurt Locker,97%,279,2009
902,Star Trek,94%,342,2009
903,Anvil! The Story of Anvil,98%,135,2009
904,Afghan Star,100%,60,2009
905,An Education,95%,189,2009
906,Drag Me to Hell,92%,262,2009
907,District 9,90%,308,2009
908,Up in the Air,91%,278,2009
909,Fantastic Mr. Fox,92%,233,2009
910,In the Loop,94%,172,2009
911,The Cove,95%,128,2009
912,Avaze gonjeshk-ha (The Song of Sparrows),98%,40,2009
913,Coraline,90%,261,2009
914,Sweetgrass,97%,60,2009
915,Inglourious Basterds,88%,317,2009
916,Precious: Based on the Novel Push by Sapphire,91%,230,2009
917,"Food, Inc.",95%,111,2009
918,Revanche,96%,81,2009
919,Zombieland,90%,244,2009
920,Tulpan,96%,69,2009
921,Most Dangerous Man in America: Daniel Ellsberg and the Pentagon Papers,96%,55,2009
922,Somers Town,96%,55,2009
923,Good Hair,95%,83,2009
924,Ponyo,92%,165,2009
925,L'Heure d'été (Summer Hours),94%,105,2009
926,Crude,95%,65,2009
927,Mary and Max,95%,64,2009
928,Crazy Heart,90%,205,2009
929,Tokyo Sonata (Tokyo Sonata),94%,85,2009
930,Of Time and the City,95%,56,2009
931,The Damned United,92%,136,2009
932,Goodbye Solo,93%,107,2009
933,Moon,90%,191,2009
934,A Serious Man,89%,215,2009
935,Katyn,94%,66,2009
936,Under the Sea 3D,94%,48,2009
937,La Nana (The Maid),93%,71,2009
938,Adventureland,88%,213,2009
939,"Yoo-hoo, Mrs. Goldberg",93%,68,2009
940,Every Little Step,92%,96,2009
941,Red Cliff (Chi Bi),91%,116,2009
942,The Messenger,89%,157,2009
943,Il Divo,92%,49,2009
944,Maria Larssons eviga ögonblick (Everlasting Moments) (Maria Larsson's Everlasting Moment),90%,103,2009
945,Etz Limon (Lemon Tree),91%,68,2009
946,World's Greatest Dad,89%,117,2009
947,500 Days of Summer,85%,225,2009
948,Avatar,82%,304,2009
949,Harry Potter and the Half-Blood Prince,83%,272,2009
950,The Girl with the Dragon Tattoo,86%,184,2009
951,Sin Nombre,88%,118,2009
952,The Princess and the Frog,85%,192,2009
953,A Single Man,85%,186,2009
954,State of Play,84%,211,2009
955,Séraphine,88%,95,2009
956,Bad Lieutenant: Port of Call New Orleans,86%,144,2009
957,Cloudy With a Chance of Meatballs,86%,142,2009
958,Whip It,84%,185,2009
959,Me and Orson Welles,85%,155,2009
960,The House of the Devil,87%,97,2009
961,Pranzo di Ferragosto (Mid-August Lunch),88%,64,2009
962,"I Love You, Man",83%,206,2009
963,The White Ribbon (Das weisse Band),85%,144,2009
964,Tyson,85%,143,2009
965,Paranormal Activity,83%,199,2009
966,Amreeka,87%,71,2009
967,Disneynature Earth,86%,92,2009
968,Treeless Mountain,87%,61,2009
969,Big Fan,86%,88,2009
970,La Danse -- Le Ballet de l'Opera de Paris,87%,54,2009
971,Skin,86%,63,2009
972,Gran Torino,80%,230,2009
973,Bright Star,82%,171,2009
974,The Informant!,80%,226,2009
975,Michael Jackson's This Is It,81%,185,2009
976,Pontypool,84%,86,2009
977,The September Issue,83%,113,2009
978,Soul Power,84%,74,2009
979,Broken Embraces,81%,153,2009
980,The Hangover,78%,236,2009
981,Black Dynamite,83%,63,2009
982,Bakjwi (Thirst),81%,113,2009
983,No Impact Man: The Documentary,83%,48,2009
984,Bandslam,81%,100,2009
985,Collapse,83%,41,2009
986,Invictus,76%,240,2009
987,It Might Get Loud,80%,113,2009
988,Humpday,79%,136,2009
989,We Live in Public,82%,49,2009
990,Julie & Julia,76%,220,2009
991,A Town Called Panic (Panique au village),81%,74,2009
992,Okuribito (Departures),79%,106,2009
993,The Young Victoria,77%,155,2009
994,"Politist, adj. (Police, Adjective)",79%,75,2009
995,Triangle,80%,40,2009
996,Capitalism: A Love Story,75%,183,2009
997,Where the Wild Things Are,72%,264,2009
998,Un Baiser s'il vous plaît (Shall We Kiss?),78%,72,2009
999,A Summer In Genoa,79%,43,2009
1000,Toy Story 3,98%,300,2010
1001,How to Train Your Dragon,99%,206,2010
1002,The Social Network,95%,309,2010
1003,True Grit,96%,270,2010
1004,The King's Speech,94%,289,2010
1005,Inside Job,98%,146,2010
1006,Waste Land,100%,71,2010
1007,A Prophet (Un prophete),97%,154,2010
1008,Last Train Home,100%,54,2010
1009,127 Hours,93%,229,2010
1010,The Town,93%,224,2010
1011,Animal Kingdom,95%,160,2010
1012,The Kids Are All Right,93%,220,2010
1013,Marwencol,98%,60,2010
1014,Restrepo,96%,114,2010
1015,Mother (Madeo),96%,113,2010
1016,Winter's Bone,94%,167,2010
1017,Ajami,97%,68,2010
1018,A Film Unfinished,97%,64,2010
1019,Exit Through The Gift Shop,95%,110,2010
1020,The Fighter,90%,241,2010
1021,Another Year,92%,171,2010
1022,Inception,86%,347,2010
1023,Best Worst Movie,95%,64,2010
1024,No One Knows About Persian Cats (Les Chats Persans),95%,59,2010
1025,Boxing Gym,95%,42,2010
1026,Tangled,89%,221,2010
1027,The Tillman Story,93%,86,2010
1028,Fish Tank,91%,145,2010
1029,Samson and Delilah,94%,50,2010
1030,Let Me In,88%,229,2010
1031,The Secret in Their Eyes (El Secreto de Sus Ojos),91%,136,2010
1032,The Illusionist (L'illusionniste),91%,129,2010
1033,Carlos,93%,68,2010
1034,Vincere,92%,91,2010
1035,Black Swan,85%,297,2010
1036,Joan Rivers: A Piece Of Work,91%,105,2010
1037,Lourdes,93%,40,2010
1038,Dogtooth (Kynodontas),92%,65,2010
1039,Waiting for Superman,90%,118,2010
1040,The Secret of Kells,91%,81,2010
1041,Blue Valentine,87%,201,2010
1042,Lebanon (Levanon),90%,105,2010
1043,Rabbit Hole,87%,195,2010
1044,Client 9: The Rise and Fall of Eliot Spitzer,91%,69,2010
1045,Alamar (To the Sea),91%,46,2010
1046,Rare Exports: A Christmas Tale,89%,104,2010
1047,Cropsey,91%,43,2010
1048,Unstoppable,86%,191,2010
1049,Winnebago Man,90%,61,2010
1050,My Dog Tulip,90%,59,2010
1051,The Father of My Children (Le pere de mes enfants),90%,58,2010
1052,Alle Anderen (Everyone Else),90%,40,2010
1053,Easy A,85%,186,2010
1054,Buried,86%,155,2010
1055,The Ghost Writer,84%,202,2010
1056,Please Give,86%,139,2010
1057,Terribly Happy (Frygtelig lykkelig),89%,46,2010
1058,Get Low,85%,143,2010
1059,Scott Pilgrim vs. the World,81%,263,2010
1060,White Material,86%,88,2010
1061,The Square,86%,85,2010
1062,Farewell (L'affaire Farewell),86%,77,2010
1063,Looking for Eric,85%,99,2010
1064,Red Riding Trilogy,86%,57,2010
1065,Despicable Me,81%,197,2010
1066,Four Lions,83%,133,2010
1067,The Art Of The Steal,85%,60,2010
1068,Harry Potter and the Deathly Hallows - Part 1,78%,272,2010
1069,Kisses,85%,53,2010
1070,I Am Love,82%,129,2010
1071,North Face (Nordwand),84%,56,2010
1072,"The Good, the Bad, the Weird (Joheun-nom, Nabbeun-nom, Isanghan-nom)",83%,64,2010
1073,Cyrus,80%,154,2010
1074,Catfish,80%,149,2010
1075,Nowhere Boy,80%,145,2010
1076,Mademoiselle Chambon,83%,52,2010
1077,The Other Guys,78%,202,2010
1078,City Island,81%,101,2010
1079,Made in Dagenham,80%,128,2010
1080,Casino Jack And The United States Of Money,82%,65,2010
1081,The Disappearance of Alice Creed,81%,95,2010
1082,Mesrine: Public Enemy #1,81%,86,2010
1083,Fair Game,78%,172,2010
1084,Cairo Time,81%,79,2010
1085,Disneynature Oceans,81%,78,2010
1086,Kick-Ass,75%,253,2010
1087,Mesrine: Killer Instinct (L'instinct de mort),81%,70,2010
1088,Iron Man 2,73%,287,2010
1089,Tiny Furniture,79%,97,2010
1090,Mother and Child,78%,127,2010
1091,Solitary Man,79%,96,2010
1092,Countdown to Zero,79%,87,2010
1093,Night Catches Us,80%,56,2010
1094,Greenberg,76%,170,2010
1095,Splice,75%,191,2010
1096,Red Hill,79%,66,2010
1097,How I Ended This Summer,79%,43,2010
1098,The Girl on the Train (La Fille du RER),78%,59,2010
1099,Nanny McPhee Returns,76%,119,2010
1100,Harry Potter and the Deathly Hallows - Part 2,96%,322,2011
1101,The Artist,95%,307,2011
1102,A Separation,99%,171,2011
1103,Moneyball,94%,255,2011
1104,The Muppets,95%,220,2011
1105,Poetry,100%,66,2011
1106,Le Havre,99%,93,2011
1107,The Interrupters,99%,89,2011
1108,Project Nim,97%,141,2011
1109,Nostalgia for the Light,100%,46,2011
1110,Everyday Sunshine: The Story of Fishbone,100%,45,2011
1111,We Were Here,100%,44,2011
1112,Bill Cunningham New York,99%,72,2011
1113,Mission: Impossible Ghost Protocol,93%,240,2011
1114,Drive,92%,255,2011
1115,Source Code,92%,254,2011
1116,Cave of Forgotten Dreams,96%,133,2011
1117,Hugo,93%,220,2011
1118,Midnight in Paris,93%,217,2011
1119,Win Win,94%,173,2011
1120,Born To Be Wild,98%,49,2011
1121,50/50,93%,196,2011
1122,13 Assassins,95%,126,2011
1123,Tomboy,97%,64,2011
1124,Pariah,95%,110,2011
1125,Bridesmaids,89%,283,2011
1126,The Guard,94%,133,2011
1127,Pina,95%,103,2011
1128,Weekend,95%,81,2011
1129,Being Elmo: A Puppeteer's Journey,95%,78,2011
1130,Arthur Christmas,92%,165,2011
1131,The Arbor,96%,46,2011
1132,Silent Souls,96%,46,2011
1133,The Descendants,89%,254,2011
1134,Take Shelter,92%,161,2011
1135,Incendies,93%,121,2011
1136,Coriolanus,92%,148,2011
1137,Martha Marcy May Marlene,90%,204,2011
1138,Senna,92%,118,2011
1139,Tabloid,92%,118,2011
1140,Of Gods and Men,92%,116,2011
1141,Attack the Block,90%,174,2011
1142,Into The Abyss,92%,112,2011
1143,X-Men: First Class,86%,285,2011
1144,King of Devil's Island,94%,47,2011
1145,Winnie the Pooh,91%,128,2011
1146,Rango,88%,216,2011
1147,Elite Squad: The Enemy Within,93%,44,2011
1148,Knuckle,93%,43,2011
1149,The Tree of Life,85%,272,2011
1150,The Girl with the Dragon Tattoo,86%,238,2011
1151,The Four Times (Le Quattro Volte),92%,53,2011
1152,City of Life and Death,92%,51,2011
1153,The Black Power Mixtape 1967-1975,92%,50,2011
1154,Corman's World: Exploits Of A Hollywood Rebel,92%,50,2011
1155,Point Blank,91%,79,2011
1156,Margin Call,88%,163,2011
1157,Certified Copy (Copie Conforme),89%,129,2011
1158,Submarine,88%,152,2011
1159,The Trip,89%,105,2011
1160,Contagion,84%,253,2011
1161,Buck,89%,102,2011
1162,Uncle Boonmee Who Can Recall His Past Lives,89%,97,2011
1163,Beats Rhymes & Life: The Travels of a Tribe Called Quest,90%,59,2011
1164,The Ides of March,84%,234,2011
1165,Armadillo,90%,52,2011
1166,Cedar Rapids,86%,163,2011
1167,Rise of the Planet of the Apes,82%,265,2011
1168,Super 8,81%,283,2011
1169,Tinker Tailor Soldier Spy,83%,221,2011
1170,Beginners,85%,158,2011
1171,Meek's Cutoff,86%,126,2011
1172,Puss in Boots,85%,148,2011
1173,The Lincoln Lawyer,84%,170,2011
1174,Bobby Fischer Against The World,88%,48,2011
1175,Jane Eyre,84%,162,2011
1176,The Hedgehog,87%,70,2011
1177,A Screaming Man,88%,40,2011
1178,Warrior,83%,188,2011
1179,Terri,86%,96,2011
1180,Even the Rain (Meme La Pluie),87%,60,2011
1181,My Week with Marilyn,83%,177,2011
1182,Captain America: The First Avenger,80%,262,2011
1183,Carancho,87%,47,2011
1184,Circumstance,86%,76,2011
1185,A Better Life,85%,105,2011
1186,Viva Riva!,86%,59,2011
1187,Tucker and Dale vs. Evil,84%,108,2011
1188,La princesse de Montpensier (The Princess of Montpensier),85%,66,2011
1189,La tête en friche (My Afternoons with Margueritte),85%,60,2011
1190,Potiche,83%,115,2011
1191,Mysteries of Lisbon,85%,54,2011
1192,Kung Fu Panda 2,81%,171,2011
1193,"Happy, Happy",85%,47,2011
1194,Trollhunter,83%,105,2011
1195,Young Adult,80%,192,2011
1196,Thor,77%,281,2011
1197,The Way,83%,98,2011
1198,Shame,79%,214,2011
1199,The Skin I Live In,80%,174,2011
1200,Argo,96%,343,2012
1201,Skyfall,92%,364,2012
1202,Marvel's The Avengers,92%,342,2012
1203,Looper,93%,260,2012
1204,Moonrise Kingdom,93%,246,2012
1205,Jiro Dreams of Sushi,99%,93,2012
1206,Wake in Fright,100%,51,2012
1207,How to Survive a Plague,99%,75,2012
1208,The Cabin in the Woods,91%,274,2012
1209,The Invisible War,99%,71,2012
1210,Silver Linings Playbook,92%,246,2012
1211,Monsieur Lazhar,97%,117,2012
1212,Amour,93%,216,2012
1213,Ai Weiwei: Never Sorry,98%,80,2012
1214,The Dark Knight Rises,87%,355,2012
1215,The Kid with a Bike,96%,129,2012
1216,This Is Not a Film,97%,98,2012
1217,The Secret World of Arrietty,95%,148,2012
1218,The Imposter,96%,114,2012
1219,West of Memphis,96%,113,2012
1220,The Loved Ones,98%,55,2012
1221,Beware Of Mr. Baker,98%,53,2012
1222,Undefeated,96%,101,2012
1223,Lincoln,89%,274,2012
1224,Mea Maxima Culpa: Silence In The House Of God,98%,48,2012
1225,The Island President,98%,47,2012
1226,"Oslo, August 31st",97%,66,2012
1227,The Queen of Versailles,95%,112,2012
1228,Marley,95%,106,2012
1229,Searching for Sugar Man,94%,126,2012
1230,The Sessions,91%,198,2012
1231,Chasing Ice,96%,70,2012
1232,Sister,96%,69,2012
1233,Brooklyn Castle,96%,51,2012
1234,Marina Abramovic: The Artist Is Present,96%,46,2012
1235,5 Broken Cameras,96%,46,2012
1236,Barbara,94%,77,2012
1237,Django Unchained,86%,277,2012
1238,Headhunters,93%,97,2012
1239,Holy Motors,91%,147,2012
1240,Diana Vreeland: The Eye Has To Travel,94%,70,2012
1241,Sing Your Song,95%,40,2012
1242,The House I Live In,94%,64,2012
1243,Elena,94%,63,2012
1244,"Farewell, My Queen",93%,81,2012
1245,First Position,93%,74,2012
1246,The Central Park Five,93%,73,2012
1247,The Hunger Games,84%,298,2012
1248,I Wish,93%,72,2012
1249,Safety Not Guaranteed,90%,143,2012
1250,Life of Pi,86%,243,2012
1251,Side by Side,93%,67,2012
1252,Frankenweenie,87%,217,2012
1253,ParaNorman,88%,180,2012
1254,Once Upon a Time in Anatolia,92%,75,2012
1255,Beasts of the Southern Wild,87%,200,2012
1256,Arbitrage,88%,169,2012
1257,"Turn Me On, Dammit!",93%,43,2012
1258,Compliance,89%,141,2012
1259,Bernie,88%,159,2012
1260,A Royal Affair,90%,108,2012
1261,Wreck-it Ralph,87%,183,2012
1262,The Master,84%,243,2012
1263,Footnote,90%,88,2012
1264,"Electric Boogaloo: The Wild, Untold Story of Cannon Films",91%,43,2012
1265,21 Jump Street,84%,216,2012
1266,In Darkness,88%,109,2012
1267,The Raid: Redemption,86%,159,2012
1268,The Perks of Being a Wallflower,86%,159,2012
1269,Chronicle,85%,177,2012
1270,End of Watch,85%,176,2012
1271,The Pirates! Band of Misfits,86%,150,2012
1272,La fée (The Fairy),90%,39,2012
1273,Keep the Lights On,89%,62,2012
1274,Robot & Frank,86%,135,2012
1275,Seven Psychopaths,82%,213,2012
1276,Neil Young Journeys,88%,60,2012
1277,Bully,85%,135,2012
1278,The Turin Horse,88%,58,2012
1279,Tabu,88%,57,2012
1280,Polisse,87%,82,2012
1281,Middle of Nowhere,88%,48,2012
1282,Boy,87%,70,2012
1283,Chico & Rita,87%,70,2012
1284,Miss Bala,87%,69,2012
1285,Starlet,88%,43,2012
1286,Rundskop (Bullhead),86%,71,2012
1287,The Impossible,81%,194,2012
1288,Your Sister's Sister,83%,143,2012
1289,Brave,79%,240,2012
1290,Sleepwalk With Me,84%,114,2012
1291,De rouille et d'os (Rust and Bone),82%,164,2012
1292,Magic Mike,80%,205,2012
1293,The Big Picture,86%,43,2012
1294,Declaration of War,86%,42,2012
1295,Snabba cash (Easy Money),85%,67,2012
1296,Haywire,80%,190,2012
1297,Smashed,83%,105,2012
1298,Crazy Horse,85%,54,2012
1299,Flight,78%,229,2012
1300,Gravity,96%,338,2013
1301,12 Years a Slave,95%,351,2013
1302,Her,94%,266,2013
1303,Before Midnight,97%,193,2013
1304,Short Term 12,98%,164,2013
1305,Mud,97%,177,2013
1306,Captain Phillips,93%,266,2013
1307,20 Feet From Stardom,99%,121,2013
1308,Wadjda,99%,115,2013
1309,All Is Lost,94%,230,2013
1310,American Hustle,92%,277,2013
1311,Dallas Buyers Club,93%,250,2013
1312,Inside Llewyn Davis,92%,272,2013
1313,Blackfish,98%,127,2013
1314,Zero Dark Thirty,91%,284,2013
1315,The Square (Al Midan),100%,65,2013
1316,Enough Said,95%,183,2013
1317,Fruitvale Station,94%,200,2013
1318,56 Up,99%,68,2013
1319,The Selfish Giant,98%,83,2013
1320,The Act Of Killing,95%,149,2013
1321,The Hunger Games: Catching Fire,89%,275,2013
1322,Nebraska,90%,242,2013
1323,Sound City,98%,45,2013
1324,Call Me Kuchu,98%,45,2013
1325,Frozen,90%,236,2013
1326,Let The Fire Burn,98%,43,2013
1327,Stories We Tell,94%,138,2013
1328,A Hijacking,95%,110,2013
1329,Muscle Shoals,96%,84,2013
1330,Room 237,94%,130,2013
1331,No,94%,129,2013
1332,Frances Ha,92%,175,2013
1333,Behind the Candelabra,95%,103,2013
1334,Le passé (The Past),93%,147,2013
1335,Blue Jasmine,90%,218,2013
1336,Lore,94%,114,2013
1337,The Spectacular Now,92%,160,2013
1338,The World's End,89%,231,2013
1339,The Gatekeepers,94%,110,2013
1340,Blancanieves,94%,107,2013
1341,Rush,89%,222,2013
1342,I Am Divine,96%,51,2013
1343,Cutie And The Boxer,95%,74,2013
1344,The Crash Reel,96%,46,2013
1345,Philomena,90%,189,2013
1346,The Hunt (Jagten),92%,132,2013
1347,A Touch of Sin,94%,80,2013
1348,In a World...,92%,126,2013
1349,Museum Hours,94%,67,2013
1350,Blue Is The Warmest Color,89%,185,2013
1351,Star Trek Into Darkness,85%,279,2013
1352,The History Of Future Folk,95%,40,2013
1353,The Sapphires,91%,135,2013
1354,War Witch,94%,63,2013
1355,Still Mine,94%,62,2013
1356,The Great Beauty,91%,127,2013
1357,Drug War,94%,50,2013
1358,A Band Called Death,94%,49,2013
1359,After Tiller,93%,58,2013
1360,Our Children,93%,43,2013
1361,Mother Of George,93%,41,2013
1362,We Steal Secrets: The Story Of Wikileaks,91%,81,2013
1363,Beyond The Hills,90%,103,2013
1364,Caesar Must Die,92%,50,2013
1365,The Conjuring,85%,216,2013
1366,Gimme The Loot,91%,67,2013
1367,The Punk Singer,91%,64,2013
1368,The Angels' Share,89%,98,2013
1369,Much Ado About Nothing,86%,169,2013
1370,Iron Man 3,80%,310,2013
1371,Our Nixon,91%,43,2013
1372,Inequality For All,90%,61,2013
1373,This Is the End,83%,222,2013
1374,My Brother The Devil,90%,49,2013
1375,Fill the Void,89%,72,2013
1376,Upstream Color,86%,143,2013
1377,Sunshine on Leith,90%,42,2013
1378,A Place at the Table,89%,62,2013
1379,In the House,88%,84,2013
1380,The Way Way Back,84%,179,2013
1381,Side Effects,82%,217,2013
1382,Prisoners,81%,239,2013
1383,Narco Cultura,89%,44,2013
1384,Yossi,89%,44,2013
1385,What Maisie Knew,86%,107,2013
1386,Computer Chess,87%,78,2013
1387,Hannah Arendt,87%,71,2013
1388,We Are What We Are,86%,88,2013
1389,Saving Mr. Banks,79%,252,2013
1390,The Wolf of Wall Street,78%,274,2013
1391,Sightseers,85%,105,2013
1392,Warm Bodies,81%,197,2013
1393,At Berkeley,87%,53,2013
1394,Berberian Sound Studio,85%,98,2013
1395,Happy People: A Year in the Taiga,87%,46,2013
1396,From Up On Poppy Hill,85%,87,2013
1397,The Attack,86%,58,2013
1398,The Patience Stone,86%,57,2013
1399,The Place Beyond The Pines,79%,214,2013
1400,Boyhood,97%,304,2014
1401,The Babadook,98%,228,2014
1402,Nightcrawler,95%,255,2014
1403,The LEGO Movie,95%,243,2014
1404,Life Itself,97%,196,2014
1405,Birdman,91%,334,2014
1406,Whiplash,93%,285,2014
1407,Snowpiercer,95%,237,2014
1408,Mr. Turner,97%,189,2014
1409,"Two Days, One Night",97%,178,2014
1410,Gloria,99%,128,2014
1411,Guardians of the Galaxy,91%,312,2014
1412,Leviathan,98%,141,2014
1413,Starred Up,99%,111,2014
1414,The Tale of the Princess Kaguya,100%,86,2014
1415,The Grand Budapest Hotel,91%,290,2014
1416,X-Men: Days of Future Past,90%,312,2014
1417,Live Die Repeat: Edge of Tomorrow,90%,310,2014
1418,Dawn Of The Planet Of The Apes,90%,300,2014
1419,Song Of The Sea,99%,89,2014
1420,The Missing Picture,99%,88,2014
1421,Ida,96%,157,2014
1422,Captain America: The Winter Soldier,90%,287,2014
1423,Citizenfour,96%,144,2014
1424,The Overnighters,99%,69,2014
1425,Jodorowsky's Dune,97%,115,2014
1426,Blue Ruin,96%,137,2014
1427,Ilo Ilo,100%,43,2014
1428,Gone Girl,87%,341,2014
1429,We Are the Best!,96%,131,2014
1430,The Imitation Game,90%,270,2014
1431,Love Is Strange,94%,172,2014
1432,A Girl Walks Home Alone at Night,96%,125,2014
1433,Elaine Stritch: Shoot Me,98%,66,2014
1434,The Lunchbox,96%,108,2014
1435,Ernest & Célestine,97%,78,2014
1436,Wild,89%,262,2014
1437,A Summer's Tale,98%,46,2014
1438,Keep On Keepin' On,98%,41,2014
1439,How to Train Your Dragon 2,92%,178,2014
1440,The Rocket,97%,60,2014
1441,Force Majeure,93%,148,2014
1442,Finding Vivian Maier,95%,96,2014
1443,Frank,92%,160,2014
1444,Locke,90%,205,2014
1445,"20,000 Days on Earth",95%,84,2014
1446,Big Hero 6,89%,216,2014
1447,Particle Fever,96%,48,2014
1448,Manakamana,96%,48,2014
1449,The Last of the Unjust,96%,47,2014
1450,Obvious Child,91%,158,2014
1451,National Gallery,95%,64,2014
1452,Last Days in Vietnam,95%,62,2014
1453,The Drop,89%,193,2014
1454,Foxcatcher,87%,239,2014
1455,Pride,91%,142,2014
1456,Calvary,90%,162,2014
1457,Stranger by the Lake,93%,92,2014
1458,Dear White People,91%,129,2014
1459,The Normal Heart,94%,50,2014
1460,Diplomacy,94%,48,2014
1461,In Bloom,94%,48,2014
1462,The Guest,91%,112,2014
1463,John Wick,87%,204,2014
1464,The Dance of Reality,93%,60,2014
1465,Child's Pose,92%,83,2014
1466,The Internet's Own Boy: The Story of Aaron Swartz,93%,59,2014
1467,The Wind Rises,88%,173,2014
1468,Chef,87%,184,2014
1469,She's Beautiful When She's Angry,93%,40,2014
1470,Le Week-End,88%,153,2014
1471,Mistaken for Strangers,92%,59,2014
1472,A Most Wanted Man,86%,191,2014
1473,12 O'clock Boys,92%,48,2014
1474,Tim's Vermeer,89%,117,2014
1475,Under the Skin,84%,232,2014
1476,Top Five,86%,181,2014
1477,Disneynature Bears,91%,56,2014
1478,The Dog,91%,55,2014
1479,22 Jump Street,84%,215,2014
1480,Only Lovers Left Alive,85%,188,2014
1481,To Be Takei,91%,47,2014
1482,Art and Craft,91%,46,2014
1483,Venus in Fur,88%,111,2014
1484,The Skeleton Twins,86%,155,2014
1485,Omar,89%,84,2014
1486,The Blue Room (La chambre bleue),89%,76,2014
1487,Night Moves,86%,145,2014
1488,Wetlands,90%,51,2014
1489,"Like Father, Like Son",88%,96,2014
1490,Cheap Thrills,88%,95,2014
1491,A Field in England,89%,70,2014
1492,The Kill Team,90%,42,2014
1493,Closed Curtain,90%,41,2014
1494,Siddharth,90%,40,2014
1495,Coherence,88%,83,2014
1496,Alan Partridge,87%,105,2014
1497,The Trip To Italy,86%,124,2014
1498,Adieu au langage (Goodbye to Language),88%,75,2014
1499,The Good Lie,87%,86,2014
1500,Mad Max: Fury Road,97%,399,2015
1501,Inside Out,98%,350,2015
1502,Spotlight,97%,349,2015
1503,Selma,99%,294,2015
1504,Star Wars: Episode VII - The Force Awakens,92%,409,2015
1505,Brooklyn,97%,260,2015
1506,Creed,95%,289,2015
1507,It Follows,96%,244,2015
1508,Carol,94%,290,2015
1509,Shaun the Sheep Movie,99%,163,2015
1510,Mission: Impossible Rogue Nation,93%,304,2015
1511,The Martian,91%,352,2015
1512,Room,93%,295,2015
1513,45 Years,97%,194,2015
1514,Spy,94%,247,2015
1515,Son of Saul,95%,220,2015
1516,Amy,95%,211,2015
1517,Paddington,97%,153,2015
1518,What We Do In The Shadows,96%,172,2015
1519,GETT: The Trial of Viviane Amsalem,100%,75,2015
1520,Phoenix,98%,122,2015
1521,Mustang,97%,144,2015
1522,Bridge of Spies,91%,287,2015
1523,Timbuktu,98%,116,2015
1524,Seymour: An Introduction,100%,66,2015
1525,Sicario,92%,257,2015
1526,Anomalisa,92%,256,2015
1527,Ex Machina,92%,255,2015
1528,Tangerine,96%,146,2015
1529,Iris,98%,97,2015
1530,"3 And 1/2 Minutes, 10 Bullets",100%,47,2015
1531,About Elly,99%,70,2015
1532,Kurt Cobain: Montage Of Heck,98%,90,2015
1533,The Look of Silence,96%,130,2015
1534,Wild Tales,95%,149,2015
1535,The Big Short,88%,310,2015
1536,Hitchcock/Truffaut,96%,114,2015
1537,'71,95%,133,2015
1538,The Diary Of A Teenage Girl,94%,156,2015
1539,Ingrid Bergman in Her Own Words (Jag är Ingrid),98%,55,2015
1540,Court,98%,51,2015
1541,Listen To Me Marlon,96%,99,2015
1542,Jafar Panahi's Taxi,96%,97,2015
1543,Finders Keepers,98%,46,2015
1544,Theeb,97%,70,2015
1545,Welcome To Leith,98%,43,2015
1546,The Second Mother (Que Horas Ela Volta?),96%,85,2015
1547,The Gift,92%,181,2015
1548,Girlhood,96%,76,2015
1549,Grandma,92%,168,2015
1550,Best Of Enemies,94%,116,2015
1551,Going Clear: Scientology and the Prison of Belief,95%,91,2015
1552,Heart of a Dog,95%,88,2015
1553,Love & Mercy,90%,207,2015
1554,Appropriate Behavior,96%,56,2015
1555,Steve Jobs,86%,294,2015
1556,Red Army,94%,98,2015
1557,99 Homes,92%,146,2015
1558,In Jackson Heights,96%,49,2015
1559,The Duke Of Burgundy,94%,95,2015
1560,A Most Violent Year,89%,215,2015
1561,The Wonders,95%,65,2015
1562,The Salt of the Earth,94%,89,2015
1563,The Forbidden Room,95%,63,2015
1564,Straight Outta Compton,88%,231,2015
1565,Beasts of No Nation,92%,133,2015
1566,Slow West,92%,131,2015
1567,The End Of The Tour,91%,149,2015
1568,The Wrecking Crew,94%,68,2015
1569,We Are Still Here,95%,43,2015
1570,Clouds of Sils Maria,90%,164,2015
1571,Man from Reno,95%,40,2015
1572,I'll See You in My Dreams,93%,87,2015
1573,Mr. Holmes,89%,178,2015
1574,Queen of Earth,93%,80,2015
1575,Janis: Little Girl Blue,93%,76,2015
1576,Trainwreck,85%,269,2015
1577,The Hunting Ground,93%,72,2015
1578,Boy and the World (O Menino e o Mundo),93%,57,2015
1579,Dope,89%,152,2015
1580,James White,92%,73,2015
1581,The Peanuts Movie,87%,190,2015
1582,The Pearl Button (El botón de nácar),93%,43,2015
1583,Mississippi Grind,90%,115,2015
1584,Peggy Guggenheim: Art Addict,93%,40,2015
1585,Bone Tomahawk,91%,87,2015
1586,The Black Panthers: Vanguard Of The Revolution,92%,62,2015
1587,Ant-Man,82%,303,2015
1588,Sunshine Superman,92%,59,2015
1589,Disneynature Monkey Kingdom,92%,53,2015
1590,Güeros,92%,51,2015
1591,Breathe,92%,50,2015
1592,Cartel Land,90%,98,2015
1593,Mommy,89%,122,2015
1594,The Lady In The Van,88%,144,2015
1595,When Marnie Was There,90%,93,2015
1596,The Walk,83%,261,2015
1597,Cinderella,84%,234,2015
1598,White God,89%,106,2015
1599,"Kumiko, the Treasure Hunter",88%,130,2015
1600,Moonlight,98%,353,2016
1601,Arrival,94%,394,2016
1602,Manchester by the Sea,96%,323,2016
1603,La La Land,91%,421,2016
1604,Zootopia,97%,274,2016
1605,The Jungle Book,95%,311,2016
1606,Hell or High Water,97%,262,2016
1607,Captain America: Civil War,91%,388,2016
1608,Finding Dory,94%,314,2016
1609,Paterson,96%,243,2016
1610,Moana,95%,265,2016
1611,Kubo and the Two Strings,97%,209,2016
1612,The Nice Guys,93%,295,2016
1613,Love & Friendship,97%,199,2016
1614,Things to Come (L'avenir),99%,137,2016
1615,The Witch,91%,311,2016
1616,Hunt for the Wilderpeople,96%,187,2016
1617,Don't Think Twice,98%,132,2016
1618,Doctor Strange,89%,344,2016
1619,Eye In The Sky,95%,202,2016
1620,The Handmaiden (Ah-ga-ssi),95%,200,2016
1621,Sing Street,95%,199,2016
1622,Cameraperson,99%,98,2016
1623,Tower,99%,94,2016
1624,Weiner,96%,163,2016
1625,Under The Shadow,99%,85,2016
1626,Fences,92%,249,2016
1627,10 Cloverfield Lane,90%,294,2016
1628,Toni Erdmann,93%,222,2016
1629,The Edge of Seventeen,94%,198,2016
1630,The Wailing (Goksung),99%,79,2016
1631,The Fits,98%,101,2016
1632,O.J.: Made in America,100%,53,2016
1633,Embrace Of The Serpent (El Abrazo De La Serpiente),96%,141,2016
1634,Little Men,96%,139,2016
1635,The Age of Shadows,100%,43,2016
1636,Fireworks Wednesday (Chaharshanbe-soori),100%,43,2016
1637,Aquarius,97%,107,2016
1638,Jackie,87%,330,2016
1639,13th,97%,93,2016
1640,Elle,91%,230,2016
1641,Rogue One: A Star Wars Story,83%,417,2016
1642,Loving,89%,272,2016
1643,Queen of Katwe,93%,177,2016
1644,"Hail, Caesar!",86%,339,2016
1645,Long Way North (Tout en haut du monde),98%,52,2016
1646,The Beatles: Eight Days a Week - The Touring Years,96%,99,2016
1647,Almost Holy (Crocodile Gennadiy),98%,43,2016
1648,Sully,86%,325,2016
1649,Aferim!,98%,40,2016
1650,"Lo and Behold, Reveries of the Connected World",94%,134,2016
1651,The Dark Horse,97%,63,2016
1652,The Innocents (Les innocentes),95%,110,2016
1653,The Love Witch,95%,107,2016
1654,Green Room,90%,224,2016
1655,De Palma,95%,104,2016
1656,Marguerite,95%,103,2016
1657,Neruda,93%,149,2016
1658,Cemetery of Splendor,96%,78,2016
1659,Dark Horse,96%,78,2016
1660,Rams (Hrútar),95%,101,2016
1661,Train to Busan (Busanhaeng),95%,98,2016
1662,Krisha,96%,74,2016
1663,Gleason,96%,68,2016
1664,Certain Women,91%,183,2016
1665,Our Little Sister (Umimachi Diary),94%,112,2016
1666,Tickled,94%,108,2016
1667,Gimme Danger,94%,106,2016
1668,Southside With You,92%,153,2016
1669,April and the Extraordinary World (Avril et le monde truqué),96%,54,2016
1670,The Lobster,88%,242,2016
1671,The Eagle Huntress,93%,119,2016
1672,Nuts!,96%,48,2016
1673,Fire at Sea (Fuocoammare),94%,88,2016
1674,Pete's Dragon,88%,229,2016
1675,Deadpool,84%,323,2016
1676,"Life, Animated",93%,105,2016
1677,A Bigger Splash,90%,175,2016
1678,Star Trek Beyond,85%,292,2016
1679,Don't Breathe,88%,218,2016
1680,The Little Prince,93%,95,2016
1681,Hacksaw Ridge,86%,258,2016
1682,Florence Foster Jenkins,87%,214,2016
1683,Lion,85%,254,2016
1684,Everybody Wants Some!!,86%,222,2016
1685,Miss Hokusai (Sarusuberi: Miss Hokusai),93%,56,2016
1686,The Last Man On The Moon,93%,45,2016
1687,Creepy (Kuripi: Itsuwari no rinjin),93%,43,2016
1688,A War (Krigen),91%,89,2016
1689,Demon,92%,65,2016
1690,"Right Now, Wrong Then",93%,41,2016
1691,A Man Called Ove (En man som heter Ove),90%,111,2016
1692,The Measure of a Man (La loi du marché),92%,60,2016
1693,I Am Not a Serial Killer,92%,53,2016
1694,Mountains May Depart (Shan he gu ren),91%,76,2016
1695,Sieranevada,92%,49,2016
1696,Into the Inferno,92%,48,2016
1697,Zero Days,91%,70,2016
1698,Eat That Question: Frank Zappa in His Own Words,91%,70,2016
1699,Barbershop: The Next Cut,90%,93,2016
1700,Lady Bird,99%,359,2017
1701,Get Out,98%,347,2017
1702,Wonder Woman,93%,422,2017
1703,Coco,97%,317,2017
1704,Dunkirk,92%,424,2017
1705,The Big Sick,98%,280,2017
1706,Star Wars: The Last Jedi,91%,430,2017
1707,Logan,93%,382,2017
1708,The Shape of Water,92%,402,2017
1709,Thor: Ragnarok,92%,383,2017
1710,Baby Driver,93%,348,2017
1711,The Florida Project,96%,282,2017
1712,Spider-Man: Homecoming,92%,362,2017
1713,War for the Planet of the Apes,93%,330,2017
1714,"Three Billboards Outside Ebbing, Missouri",90%,373,2017
1715,I Am Not Your Negro,98%,193,2017
1716,Hidden Figures,93%,294,2017
1717,The Disaster Artist,91%,318,2017
1718,Blade Runner 2049,87%,402,2017
1719,Mudbound,97%,180,2017
1720,"Faces Places (Visages, villages)",99%,134,2017
1721,The Salesman (Forushande),96%,189,2017
1722,Logan Lucky,92%,260,2017
1723,My Life as a Zucchini (Ma vie de courgette),98%,129,2017
1724,BPM (Beats Per Minute) (120 battements par minute),98%,121,2017
1725,The Lego Batman Movie,90%,294,2017
1726,Lucky,97%,139,2017
1727,Kedi,98%,116,2017
1728,City of Ghosts,98%,101,2017
1729,A Ghost Story,91%,253,2017
1730,Bright Lights: Starring Carrie Fisher and Debbie Reynolds,100%,57,2017
1731,Jane,98%,100,2017
1732,The Work,100%,55,2017
1733,Dawson City: Frozen Time,100%,52,2017
1734,Columbus,97%,115,2017
1735,God's Own Country,97%,114,2017
1736,Truman,99%,68,2017
1737,Strong Island,100%,46,2017
1738,Your Name. (Kimi No Na Wa.),97%,111,2017
1739,After the Storm (Umi yori mo mada fukaku),96%,129,2017
1740,Whose Streets?,98%,82,2017
1741,Graduation (Bacalaureat),95%,136,2017
1742,Good Time,91%,222,2017
1743,It,85%,348,2017
1744,The Meyerowitz Stories (New and Selected),93%,172,2017
1745,Quest,98%,58,2017
1746,John Wick: Chapter 2,89%,253,2017
1747,Dina,98%,57,2017
1748,The Happiest Day in the Life of Olli Mäki (Hymyilevä mies),98%,53,2017
1749,Step,96%,96,2017
1750,The Red Turtle (La tortue rouge),93%,159,2017
1751,Guardians of the Galaxy Vol. 2,83%,375,2017
1752,In This Corner of the World (Kono sekai no katasumi ni),97%,70,2017
1753,Trophy,98%,48,2017
1754,"I, Daniel Blake",92%,177,2017
1755,Menashe,95%,111,2017
1756,1945,97%,66,2017
1757,The Last Laugh,98%,44,2017
1758,Ex Libris: New York Public Library,97%,63,2017
1759,Dolores,98%,41,2017
1760,The Survivalist,98%,41,2017
1761,The Breadwinner,95%,97,2017
1762,Battle of the Sexes,86%,290,2017
1763,Raw,91%,174,2017
1764,Bombshell: The Hedy Lamarr Story,95%,87,2017
1765,20th Century Women,89%,213,2017
1766,The B-Side: Elsa Dorfman's Portrait Photography,96%,56,2017
1767,A Quiet Passion,91%,164,2017
1768,Thelma,92%,141,2017
1769,Stronger,90%,183,2017
1770,I Called Him Morgan,96%,52,2017
1771,"Jim & Andy: The Great Beyond - Featuring a Very Special, Contractually Obligated Mention of Tony Clifton",96%,46,2017
1772,The Women's Balcony (Ismach Hatani),96%,46,2017
1773,Félicité,96%,45,2017
1774,Wind River,87%,232,2017
1775,American Made,86%,252,2017
1776,It Comes At Night,87%,230,2017
1777,A Monster Calls,86%,250,2017
1778,Lady Macbeth,89%,181,2017
1779,Darkest Hour,84%,288,2017
1780,Girls Trip,90%,157,2017
1781,Their Finest,90%,155,2017
1782,Frantz,91%,131,2017
1783,The Lost City of Z,86%,229,2017
1784,The Other Side of Hope (Toivon tuolla puolen),92%,98,2017
1785,Gook,94%,54,2017
1786,Citizen Jane: Battle for the City,94%,54,2017
1787,Abacus: Small Enough to Jail,93%,69,2017
1788,Icarus,94%,47,2017
1789,All This Panic,94%,47,2017
1790,Human Flow,91%,109,2017
1791,Okja,86%,212,2017
1792,Detroit,83%,277,2017
1793,Land of Mine (Under Sandet),91%,101,2017
1794,Endless Poetry (Poesía Sin Fin),93%,57,2017
1795,Maudie,89%,143,2017
1796,Prevenge,92%,77,2017
1797,School Life,93%,45,2017
1798,Clash (Eshtebak),93%,44,2017
1799,Silence,83%,261,2017
1800,Black Panther,97%,460,2018
1801,Mission: Impossible - Fallout,97%,391,2018
1802,BlacKkKlansman,96%,390,2018
1803,Spider-Man: Into the Spider-Verse,97%,344,2018
1804,Roma,96%,352,2018
1805,A Star Is Born,89%,470,2018
1806,A Quiet Place,95%,342,2018
1807,Can You Ever Forgive Me?,98%,275,2018
1808,Eighth Grade,99%,251,2018
1809,Paddington 2,100%,226,2018
1810,Call Me by Your Name,95%,323,2018
1811,Incredibles 2,94%,341,2018
1812,The Favourite,93%,361,2018
1813,Leave No Trace,100%,213,2018
1814,Widows,91%,371,2018
1815,Won't You Be My Neighbor?,98%,222,2018
1816,Shoplifters (Manbiki kazoku),99%,197,2018
1817,The Death of Stalin,96%,232,2018
1818,The Hate U Give,97%,200,2018
1819,Crazy Rich Asians,91%,318,2018
1820,Ant-Man and the Wasp,88%,381,2018
1821,Sorry to Bother You,93%,275,2018
1822,First Man,87%,399,2018
1823,Phantom Thread,91%,316,2018
1824,"I, Tonya",89%,350,2018
1825,Isle of Dogs,90%,323,2018
1826,The Post,88%,364,2018
1827,Free Solo,99%,135,2018
1828,Avengers: Infinity War,85%,423,2018
1829,The Rider,97%,166,2018
1830,Minding the Gap,100%,102,2018
1831,Hereditary,89%,329,2018
1832,McQueen,99%,112,2018
1833,Three Identical Strangers,96%,169,2018
1834,Summer 1993 (Estiu 1993),100%,85,2018
1835,The Old Man & the Gun,92%,249,2018
1836,The Guilty (Den skyldige),99%,101,2018
1837,First Reformed,93%,221,2018
1838,Bumblebee,93%,219,2018
1839,Wildlife,94%,189,2018
1840,Searching,92%,227,2018
1841,Tea With the Dames (Nothing Like a Dame),99%,81,2018
1842,A Fantastic Woman (Una mujer fantástica),93%,205,2018
1843,Shirkers,100%,60,2018
1844,The Tale,99%,73,2018
1845,Cold War (Zimna wojna),92%,214,2018
1846,Science Fair,99%,68,2018
1847,Night Comes On,100%,46,2018
1848,Oh Lucy!,100%,46,2018
1849,Hannah Gadsby: Nanette,100%,44,2018
1850,Loveless (Nelyubov),94%,168,2018
1851,Burning (Beoning),94%,163,2018
1852,RBG,94%,161,2018
1853,Mandy,91%,221,2018
1854,Blindspotting,94%,157,2018
1855,Border (Gräns),96%,112,2018
1856,The Ballad of Buster Scruggs,91%,211,2018
1857,"Love, Simon",91%,208,2018
1858,Zama,96%,103,2018
1859,You Were Never Really Here,89%,247,2018
1860,In Between,98%,61,2018
1861,Deadpool 2,83%,369,2018
1862,Foxtrot,94%,135,2018
1863,Pick of the Litter,98%,52,2018
1864,Annihilation,87%,279,2018
1865,I Am Not a Witch,97%,72,2018
1866,The Cakemaker,98%,51,2018
1867,On Her Shoulders,98%,50,2018
1868,Sweet Country,96%,90,2018
1869,"Hale County This Morning, This Evening",97%,63,2018
1870,Thunder Road,98%,43,2018
1871,Ryuichi Sakamoto: Coda,98%,42,2018
1872,Marlina the Murderer in Four Acts,98%,41,2018
1873,Leaning Into the Wind,98%,41,2018
1874,To All the Boys I've Loved Before,97%,61,2018
1875,Ralph Breaks the Internet,88%,247,2018
1876,Rodents of Unusual Size,98%,40,2018
1877,Lean on Pete,91%,179,2018
1878,Filmworker,96%,75,2018
1879,Beast,93%,135,2018
1880,Western,96%,69,2018
1881,Custody (Jusqu'à la garde),94%,109,2018
1882,Blaze,95%,85,2018
1883,The Endless,93%,117,2018
1884,Bisbee '17,96%,50,2018
1885,Support the Girls,93%,111,2018
1886,Robin Williams: Come Inside My Mind,96%,46,2018
1887,CAM,94%,86,2018
1888,Hearts Beat Loud,91%,147,2018
1889,Revenge,92%,119,2018
1890,Journey's End,93%,94,2018
1891,Private Life,93%,92,2018
1892,American Animals,88%,193,2018
1893,Colette,88%,192,2018
1894,Tully,85%,254,2018
1895,Creed II,84%,271,2018
1896,Dark Money,95%,41,2018
1897,In Fabric,95%,40,2018
1898,Teen Titans Go! To the Movies,91%,121,2018
1899,The Guardians (Les Gardiennes),94%,54,2018
